,Sequence,Subpopulation,PlantHeight,Yield
0,ACTGTTCTT,Intermediate,125.2,35.185
1,ACTGTTCTT,Intermediate,125.2,35.185
2,ACTGTATTT,Temperate Japonica,91.9857142857143,24.048571428571428
3,ACTGTATTT,Temperate Japonica,91.9857142857143,24.048571428571428
4,ACTGTATTT,Temperate Japonica,91.9857142857143,24.048571428571428
5,ACTGTATTT,Temperate Japonica,91.9857142857143,24.048571428571428
6,ACTGTATTT,Temperate Japonica,91.9857142857143,24.048571428571428
7,ACTGTATTT,Temperate Japonica,91.9857142857143,24.048571428571428
8,ACTGTATTT,Temperate Japonica,91.9857142857143,24.048571428571428
9,ACTGAACTC,Tropical Japonica,127.97,32.975
10,ACTGAACTC,Tropical Japonica,127.97,32.975
11,ACTGAACCT,Temperate Japonica,100.82333333333334,23.683333333333334
12,ACTGAACCT,Temperate Japonica,100.82333333333334,23.683333333333334
13,ACTGAACCT,Temperate Japonica,100.82333333333334,23.683333333333334
14,ACTGAACTT,Temperate Japonica,120.78,28.986
15,ACTGAACTT,Temperate Japonica,120.78,28.986
16,ACTGAACTT,Temperate Japonica,120.78,28.986
17,ACTGAACTT,Temperate Japonica,120.78,28.986
18,ACTGAACTT,Temperate Japonica,120.78,28.986
19,ACTGTACTC,Japonica Intermediate,124.12,23.317999999999998
20,ACTGTACTC,Japonica Intermediate,124.12,23.317999999999998
21,ACTGTACTC,Japonica Intermediate,124.12,23.317999999999998
22,ACTGTACTC,Japonica Intermediate,124.12,23.317999999999998
23,ACTGTACTC,Japonica Intermediate,124.12,23.317999999999998
24,ACTGTACTT,Temperate Japonica,99.38333333333333,23.665277777777778
25,ACTGTACTT,Temperate Japonica,99.38333333333333,23.665277777777778
26,ACTGTACTT,Temperate Japonica,99.38333333333333,23.665277777777778
27,ACTGTACTT,Temperate Japonica,99.38333333333333,23.665277777777778
28,ACTGTACTT,Temperate Japonica,99.38333333333333,23.665277777777778
29,ACTGTACTT,Temperate Japonica,99.38333333333333,23.665277777777778
30,ACTGTACTT,Temperate Japonica,99.38333333333333,23.665277777777778
31,ACTGTACTT,Temperate Japonica,99.38333333333333,23.665277777777778
32,ACTGTACTT,Temperate Japonica,99.38333333333333,23.665277777777778
33,ACTGTACTT,Temperate Japonica,99.38333333333333,23.665277777777778
34,ACTGTACTT,Temperate Japonica,99.38333333333333,23.665277777777778
35,ACTGTACTT,Temperate Japonica,99.38333333333333,23.665277777777778
36,ACTGTACTT,Temperate Japonica,99.38333333333333,23.665277777777778
37,ACTGTACTT,Temperate Japonica,99.38333333333333,23.665277777777778
38,ACTGTACTT,Temperate Japonica,99.38333333333333,23.665277777777778
39,ACTGTACTT,Temperate Japonica,99.38333333333333,23.665277777777778
40,ACTGTACTT,Temperate Japonica,99.38333333333333,23.665277777777778
41,ACTGTACTT,Temperate Japonica,99.38333333333333,23.665277777777778
42,ACTGTACTT,Temperate Japonica,99.38333333333333,23.665277777777778
43,ACTGTACTT,Temperate Japonica,99.38333333333333,23.665277777777778
44,ACTGTACTT,Temperate Japonica,99.38333333333333,23.665277777777778
45,ACTGTACTT,Temperate Japonica,99.38333333333333,23.665277777777778
46,ACTGTACTT,Temperate Japonica,99.38333333333333,23.665277777777778
47,ACTGTACTT,Temperate Japonica,99.38333333333333,23.665277777777778
48,ACTGTACTT,Temperate Japonica,99.38333333333333,23.665277777777778
49,ACTGTACTT,Temperate Japonica,99.38333333333333,23.665277777777778
50,ACTGTACTT,Temperate Japonica,99.38333333333333,23.665277777777778
51,ACTGTACTT,Temperate Japonica,99.38333333333333,23.665277777777778
52,ACTGTACTT,Temperate Japonica,99.38333333333333,23.665277777777778
53,ACTGTACTT,Temperate Japonica,99.38333333333333,23.665277777777778
54,ACTGTACTT,Temperate Japonica,99.38333333333333,23.665277777777778
55,ACTGTACTT,Temperate Japonica,99.38333333333333,23.665277777777778
56,ACTGTACTT,Temperate Japonica,99.38333333333333,23.665277777777778
57,ACTGTACTT,Temperate Japonica,99.38333333333333,23.665277777777778
58,ACTGTACTT,Temperate Japonica,99.38333333333333,23.665277777777778
59,ACTGTACTT,Temperate Japonica,99.38333333333333,23.665277777777778
60,ACCGATCTT,Intermediate,149.8,46.26
61,GCTTAACCC,Temperate Japonica,191.99666666666667,12.04
62,GCTTAACCC,Temperate Japonica,191.99666666666667,12.04
63,GCTTAACCC,Temperate Japonica,191.99666666666667,12.04
64,GCTGAACTC,Temperate Japonica,165.34666666666666,15.903333333333332
65,GCTGAACTC,Temperate Japonica,165.34666666666666,15.903333333333332
66,GCTGAACTC,Temperate Japonica,165.34666666666666,15.903333333333332
67,GCTGAACTC,Temperate Japonica,165.34666666666666,15.903333333333332
68,GCTGAACTC,Temperate Japonica,165.34666666666666,15.903333333333332
69,GCTGAACTC,Temperate Japonica,165.34666666666666,15.903333333333332
70,GCTGAACTC,Temperate Japonica,165.34666666666666,15.903333333333332
71,GCTGAACTC,Temperate Japonica,165.34666666666666,15.903333333333332
72,GCTGAACTC,Temperate Japonica,165.34666666666666,15.903333333333332
73,GCTGAACCC,Temperate Japonica,186.68,12.308
74,GCTGAACCC,Temperate Japonica,186.68,12.308
75,GCTGAACCC,Temperate Japonica,186.68,12.308
76,GCTGAACCC,Temperate Japonica,186.68,12.308
77,GCTGAACCC,Temperate Japonica,186.68,12.308
78,GCTGAATTC,Tropical Japonica,150.4,29.366666666666667
79,GCTGAATTC,Tropical Japonica,150.4,29.366666666666667
80,GCTGAATTC,Tropical Japonica,150.4,29.366666666666667
81,GCTGTATTC,Indica Intermediate,113.24625,34.2675
82,GCTGTATTC,Indica Intermediate,113.24625,34.2675
83,GCTGTATTC,Indica Intermediate,113.24625,34.2675
84,GCTGTATTC,Indica Intermediate,113.24625,34.2675
85,GCTGTATTC,Indica Intermediate,113.24625,34.2675
86,GCTGTATTC,Indica Intermediate,113.24625,34.2675
87,GCTGTATTC,Indica Intermediate,113.24625,34.2675
88,GCTGTATTC,Indica Intermediate,113.24625,34.2675
89,GCTTAATTC,Tropical Japonica,153.746,18.432
90,GCTTAATTC,Tropical Japonica,153.746,18.432
91,GCTTAATTC,Tropical Japonica,153.746,18.432
92,GCTTAATTC,Tropical Japonica,153.746,18.432
93,GCTTAATTC,Tropical Japonica,153.746,18.432
94,GTTGTATTC,Indica Intermediate,154.87,12.4
95,GCTTAACTT,Tropical Japonica,150.42333333333335,23.343333333333334
96,GCTTAACTT,Tropical Japonica,150.42333333333335,23.343333333333334
97,GCTTAACTT,Tropical Japonica,150.42333333333335,23.343333333333334
98,GCTGAATTT,Tropical Japonica,144.1435,32.965
99,GCTGAATTT,Tropical Japonica,144.1435,32.965
100,GCTGAATTT,Tropical Japonica,144.1435,32.965
101,GCTGAATTT,Tropical Japonica,144.1435,32.965
102,GCTGAATTT,Tropical Japonica,144.1435,32.965
103,GCTGAATTT,Tropical Japonica,144.1435,32.965
104,GCTGAATTT,Tropical Japonica,144.1435,32.965
105,GCTGAATTT,Tropical Japonica,144.1435,32.965
106,GCTGAATTT,Tropical Japonica,144.1435,32.965
107,GCTGAATTT,Tropical Japonica,144.1435,32.965
108,GCTGAATTT,Tropical Japonica,144.1435,32.965
109,GCTGAATTT,Tropical Japonica,144.1435,32.965
110,GCTGAATTT,Tropical Japonica,144.1435,32.965
111,GCTGAATTT,Tropical Japonica,144.1435,32.965
112,GCTGAATTT,Tropical Japonica,144.1435,32.965
113,GCTGAATTT,Tropical Japonica,144.1435,32.965
114,GCTGAATTT,Tropical Japonica,144.1435,32.965
115,GCTGAATTT,Tropical Japonica,144.1435,32.965
116,GCTGAATTT,Tropical Japonica,144.1435,32.965
117,GCTGAATTT,Tropical Japonica,144.1435,32.965
118,GCTGAACTT,Temperate Japonica,137.94142857142856,26.3
119,GCTGAACTT,Temperate Japonica,137.94142857142856,26.3
120,GCTGAACTT,Temperate Japonica,137.94142857142856,26.3
121,GCTGAACTT,Temperate Japonica,137.94142857142856,26.3
122,GCTGAACTT,Temperate Japonica,137.94142857142856,26.3
123,GCTGAACTT,Temperate Japonica,137.94142857142856,26.3
124,GCTGAACTT,Temperate Japonica,137.94142857142856,26.3
125,GCTGAATCT,Temperate Japonica,174.7,20.45
126,GCTGTATCT,Indica I,91.45333333333333,21.006666666666668
127,GCTGTATCT,Indica I,91.45333333333333,21.006666666666668
128,GCTGTATCT,Indica I,91.45333333333333,21.006666666666668
129,GCTGTATTT,Indica II,106.50850746268657,35.76880597014925
130,GCTGTATTT,Indica II,106.50850746268657,35.76880597014925
131,GCTGTATTT,Indica II,106.50850746268657,35.76880597014925
132,GCTGTATTT,Indica II,106.50850746268657,35.76880597014925
133,GCTGTATTT,Indica II,106.50850746268657,35.76880597014925
134,GCTGTATTT,Indica II,106.50850746268657,35.76880597014925
135,GCTGTATTT,Indica II,106.50850746268657,35.76880597014925
136,GCTGTATTT,Indica II,106.50850746268657,35.76880597014925
137,GCTGTATTT,Indica II,106.50850746268657,35.76880597014925
138,GCTGTATTT,Indica II,106.50850746268657,35.76880597014925
139,GCTGTATTT,Indica II,106.50850746268657,35.76880597014925
140,GCTGTATTT,Indica II,106.50850746268657,35.76880597014925
141,GCTGTATTT,Indica II,106.50850746268657,35.76880597014925
142,GCTGTATTT,Indica II,106.50850746268657,35.76880597014925
143,GCTGTATTT,Indica II,106.50850746268657,35.76880597014925
144,GCTGTATTT,Indica II,106.50850746268657,35.76880597014925
145,GCTGTATTT,Indica II,106.50850746268657,35.76880597014925
146,GCTGTATTT,Indica II,106.50850746268657,35.76880597014925
147,GCTGTATTT,Indica II,106.50850746268657,35.76880597014925
148,GCTGTATTT,Indica II,106.50850746268657,35.76880597014925
149,GCTGTATTT,Indica II,106.50850746268657,35.76880597014925
150,GCTGTATTT,Indica II,106.50850746268657,35.76880597014925
151,GCTGTATTT,Indica II,106.50850746268657,35.76880597014925
152,GCTGTATTT,Indica II,106.50850746268657,35.76880597014925
153,GCTGTATTT,Indica II,106.50850746268657,35.76880597014925
154,GCTGTATTT,Indica II,106.50850746268657,35.76880597014925
155,GCTGTATTT,Indica II,106.50850746268657,35.76880597014925
156,GCTGTATTT,Indica II,106.50850746268657,35.76880597014925
157,GCTGTATTT,Indica II,106.50850746268657,35.76880597014925
158,GCTGTATTT,Indica II,106.50850746268657,35.76880597014925
159,GCTGTATTT,Indica II,106.50850746268657,35.76880597014925
160,GCTGTATTT,Indica II,106.50850746268657,35.76880597014925
161,GCTGTATTT,Indica II,106.50850746268657,35.76880597014925
162,GCTGTATTT,Indica II,106.50850746268657,35.76880597014925
163,GCTGTATTT,Indica II,106.50850746268657,35.76880597014925
164,GCTGTATTT,Indica II,106.50850746268657,35.76880597014925
165,GCTGTATTT,Indica II,106.50850746268657,35.76880597014925
166,GCTGTATTT,Indica II,106.50850746268657,35.76880597014925
167,GCTGTATTT,Indica II,106.50850746268657,35.76880597014925
168,GCTGTATTT,Indica II,106.50850746268657,35.76880597014925
169,GCTGTATTT,Indica II,106.50850746268657,35.76880597014925
170,GCTGTATTT,Indica II,106.50850746268657,35.76880597014925
171,GCTGTATTT,Indica II,106.50850746268657,35.76880597014925
172,GCTGTATTT,Indica II,106.50850746268657,35.76880597014925
173,GCTGTATTT,Indica II,106.50850746268657,35.76880597014925
174,GCTGTATTT,Indica II,106.50850746268657,35.76880597014925
175,GCTGTATTT,Indica II,106.50850746268657,35.76880597014925
176,GCTGTATTT,Indica II,106.50850746268657,35.76880597014925
177,GCTGTATTT,Indica II,106.50850746268657,35.76880597014925
178,GCTGTATTT,Indica II,106.50850746268657,35.76880597014925
179,GCTGTATTT,Indica II,106.50850746268657,35.76880597014925
180,GCTGTATTT,Indica II,106.50850746268657,35.76880597014925
181,GCTGTATTT,Indica II,106.50850746268657,35.76880597014925
182,GCTGTATTT,Indica II,106.50850746268657,35.76880597014925
183,GCTGTATTT,Indica II,106.50850746268657,35.76880597014925
184,GCTGTATTT,Indica II,106.50850746268657,35.76880597014925
185,GCTGTATTT,Indica II,106.50850746268657,35.76880597014925
186,GCTGTATTT,Indica II,106.50850746268657,35.76880597014925
187,GCTGTATTT,Indica II,106.50850746268657,35.76880597014925
188,GCTGTATTT,Indica II,106.50850746268657,35.76880597014925
189,GCTGTATTT,Indica II,106.50850746268657,35.76880597014925
190,GCTGTATTT,Indica II,106.50850746268657,35.76880597014925
191,GCTGTATTT,Indica II,106.50850746268657,35.76880597014925
192,GCTGTATTT,Indica II,106.50850746268657,35.76880597014925
193,GCTGTATTT,Indica II,106.50850746268657,35.76880597014925
194,GCTGTATTT,Indica II,106.50850746268657,35.76880597014925
195,GCTGTATTT,Indica II,106.50850746268657,35.76880597014925
196,GCTGTTTTT,Indica II,110.88571428571429,44.75714285714286
197,GCTGTTTTT,Indica II,110.88571428571429,44.75714285714286
198,GCTGTTTTT,Indica II,110.88571428571429,44.75714285714286
199,GCTGTTTTT,Indica II,110.88571428571429,44.75714285714286
200,GCTGTTTTT,Indica II,110.88571428571429,44.75714285714286
201,GCTGTTTTT,Indica II,110.88571428571429,44.75714285714286
202,GCTGTTTTT,Indica II,110.88571428571429,44.75714285714286
203,ACTTTATCT,Indica I,88.17666666666666,23.69333333333333
204,ACTTTATCT,Indica I,88.17666666666666,23.69333333333333
205,ACTTTATCT,Indica I,88.17666666666666,23.69333333333333
206,GCTTTATCT,Indica I,96.64384615384616,26.891538461538463
207,GCTTTATCT,Indica I,96.64384615384616,26.891538461538463
208,GCTTTATCT,Indica I,96.64384615384616,26.891538461538463
209,GCTTTATCT,Indica I,96.64384615384616,26.891538461538463
210,GCTTTATCT,Indica I,96.64384615384616,26.891538461538463
211,GCTTTATCT,Indica I,96.64384615384616,26.891538461538463
212,GCTTTATCT,Indica I,96.64384615384616,26.891538461538463
213,GCTTTATCT,Indica I,96.64384615384616,26.891538461538463
214,GCTTTATCT,Indica I,96.64384615384616,26.891538461538463
215,GCTTTATCT,Indica I,96.64384615384616,26.891538461538463
216,GCTTTATCT,Indica I,96.64384615384616,26.891538461538463
217,GCTTTATCT,Indica I,96.64384615384616,26.891538461538463
218,GCTTTATCT,Indica I,96.64384615384616,26.891538461538463
219,GCCTTATCT,Indica I,168.3,71.125
220,GCCTTATCT,Indica I,168.3,71.125
221,GCTTTATCC,Indica Intermediate,131.26500000000001,29.339999999999996
222,GCTTTATCC,Indica Intermediate,131.26500000000001,29.339999999999996
223,GCCTTATCC,Indica I,147.106,17.49
224,GCCTTATCC,Indica I,147.106,17.49
225,GCCTTATCC,Indica I,147.106,17.49
226,GCCTTATCC,Indica I,147.106,17.49
227,GCCTTATCC,Indica I,147.106,17.49
228,GCTTTTTCT,Indica Intermediate,122.86999999999999,33.095
229,GCTTTTTCT,Indica Intermediate,122.86999999999999,33.095
230,GCTTTTTTT,Indica Intermediate,134.65,27.060909090909092
231,GCTTTTTTT,Indica Intermediate,134.65,27.060909090909092
232,GCTTTTTTT,Indica Intermediate,134.65,27.060909090909092
233,GCTTTTTTT,Indica Intermediate,134.65,27.060909090909092
234,GCTTTTTTT,Indica Intermediate,134.65,27.060909090909092
235,GCTTTTTTT,Indica Intermediate,134.65,27.060909090909092
236,GCTTTTTTT,Indica Intermediate,134.65,27.060909090909092
237,GCTTTTTTT,Indica Intermediate,134.65,27.060909090909092
238,GCTTTTTTT,Indica Intermediate,134.65,27.060909090909092
239,GCTTTTTTT,Indica Intermediate,134.65,27.060909090909092
240,GCTTTTTTT,Indica Intermediate,134.65,27.060909090909092
241,GCTTTTTTC,Indica Intermediate,133.73333333333335,22.106666666666666
242,GCTTTTTTC,Indica Intermediate,133.73333333333335,22.106666666666666
243,GCTTTTTTC,Indica Intermediate,133.73333333333335,22.106666666666666
244,GCTTTTTCC,Indica I,156.07,28.038
245,GCTTTTTCC,Indica I,156.07,28.038
246,GCTTTTTCC,Indica I,156.07,28.038
247,GCTTTTTCC,Indica I,156.07,28.038
248,GCTTTTTCC,Indica I,156.07,28.038
249,GCTTTACTC,Indica Intermediate,172.8,49.14
250,GCTTTATTC,Indica Intermediate,135.024375,30.554375
251,GCTTTATTC,Indica Intermediate,135.024375,30.554375
252,GCTTTATTC,Indica Intermediate,135.024375,30.554375
253,GCTTTATTC,Indica Intermediate,135.024375,30.554375
254,GCTTTATTC,Indica Intermediate,135.024375,30.554375
255,GCTTTATTC,Indica Intermediate,135.024375,30.554375
256,GCTTTATTC,Indica Intermediate,135.024375,30.554375
257,GCTTTATTC,Indica Intermediate,135.024375,30.554375
258,GCTTTATTC,Indica Intermediate,135.024375,30.554375
259,GCTTTATTC,Indica Intermediate,135.024375,30.554375
260,GCTTTATTC,Indica Intermediate,135.024375,30.554375
261,GCTTTATTC,Indica Intermediate,135.024375,30.554375
262,GCTTTATTC,Indica Intermediate,135.024375,30.554375
263,GCTTTATTC,Indica Intermediate,135.024375,30.554375
264,GCTTTATTC,Indica Intermediate,135.024375,30.554375
265,GCTTTATTC,Indica Intermediate,135.024375,30.554375
266,GCTTTACTT,Indica Intermediate,108.4,29.788333333333334
267,GCTTTACTT,Indica Intermediate,108.4,29.788333333333334
268,GCTTTACTT,Indica Intermediate,108.4,29.788333333333334
269,GCTTTACTT,Indica Intermediate,108.4,29.788333333333334
270,GCTTTACTT,Indica Intermediate,108.4,29.788333333333334
271,GCTTTACTT,Indica Intermediate,108.4,29.788333333333334
272,GCTTTATTT,Indica II,105.26358208955224,35.967014925373135
273,GCTTTATTT,Indica II,105.26358208955224,35.967014925373135
274,GCTTTATTT,Indica II,105.26358208955224,35.967014925373135
275,GCTTTATTT,Indica II,105.26358208955224,35.967014925373135
276,GCTTTATTT,Indica II,105.26358208955224,35.967014925373135
277,GCTTTATTT,Indica II,105.26358208955224,35.967014925373135
278,GCTTTATTT,Indica II,105.26358208955224,35.967014925373135
279,GCTTTATTT,Indica II,105.26358208955224,35.967014925373135
280,GCTTTATTT,Indica II,105.26358208955224,35.967014925373135
281,GCTTTATTT,Indica II,105.26358208955224,35.967014925373135
282,GCTTTATTT,Indica II,105.26358208955224,35.967014925373135
283,GCTTTATTT,Indica II,105.26358208955224,35.967014925373135
284,GCTTTATTT,Indica II,105.26358208955224,35.967014925373135
285,GCTTTATTT,Indica II,105.26358208955224,35.967014925373135
286,GCTTTATTT,Indica II,105.26358208955224,35.967014925373135
287,GCTTTATTT,Indica II,105.26358208955224,35.967014925373135
288,GCTTTATTT,Indica II,105.26358208955224,35.967014925373135
289,GCTTTATTT,Indica II,105.26358208955224,35.967014925373135
290,GCTTTATTT,Indica II,105.26358208955224,35.967014925373135
291,GCTTTATTT,Indica II,105.26358208955224,35.967014925373135
292,GCTTTATTT,Indica II,105.26358208955224,35.967014925373135
293,GCTTTATTT,Indica II,105.26358208955224,35.967014925373135
294,GCTTTATTT,Indica II,105.26358208955224,35.967014925373135
295,GCTTTATTT,Indica II,105.26358208955224,35.967014925373135
296,GCTTTATTT,Indica II,105.26358208955224,35.967014925373135
297,GCTTTATTT,Indica II,105.26358208955224,35.967014925373135
298,GCTTTATTT,Indica II,105.26358208955224,35.967014925373135
299,GCTTTATTT,Indica II,105.26358208955224,35.967014925373135
300,GCTTTATTT,Indica II,105.26358208955224,35.967014925373135
301,GCTTTATTT,Indica II,105.26358208955224,35.967014925373135
302,GCTTTATTT,Indica II,105.26358208955224,35.967014925373135
303,GCTTTATTT,Indica II,105.26358208955224,35.967014925373135
304,GCTTTATTT,Indica II,105.26358208955224,35.967014925373135
305,GCTTTATTT,Indica II,105.26358208955224,35.967014925373135
306,GCTTTATTT,Indica II,105.26358208955224,35.967014925373135
307,GCTTTATTT,Indica II,105.26358208955224,35.967014925373135
308,GCTTTATTT,Indica II,105.26358208955224,35.967014925373135
309,GCTTTATTT,Indica II,105.26358208955224,35.967014925373135
310,GCTTTATTT,Indica II,105.26358208955224,35.967014925373135
311,GCTTTATTT,Indica II,105.26358208955224,35.967014925373135
312,GCTTTATTT,Indica II,105.26358208955224,35.967014925373135
313,GCTTTATTT,Indica II,105.26358208955224,35.967014925373135
314,GCTTTATTT,Indica II,105.26358208955224,35.967014925373135
315,GCTTTATTT,Indica II,105.26358208955224,35.967014925373135
316,GCTTTATTT,Indica II,105.26358208955224,35.967014925373135
317,GCTTTATTT,Indica II,105.26358208955224,35.967014925373135
318,GCTTTATTT,Indica II,105.26358208955224,35.967014925373135
319,GCTTTATTT,Indica II,105.26358208955224,35.967014925373135
320,GCTTTATTT,Indica II,105.26358208955224,35.967014925373135
321,GCTTTATTT,Indica II,105.26358208955224,35.967014925373135
322,GCTTTATTT,Indica II,105.26358208955224,35.967014925373135
323,GCTTTATTT,Indica II,105.26358208955224,35.967014925373135
324,GCTTTATTT,Indica II,105.26358208955224,35.967014925373135
325,GCTTTATTT,Indica II,105.26358208955224,35.967014925373135
326,GCTTTATTT,Indica II,105.26358208955224,35.967014925373135
327,GCTTTATTT,Indica II,105.26358208955224,35.967014925373135
328,GCTTTATTT,Indica II,105.26358208955224,35.967014925373135
329,GCTTTATTT,Indica II,105.26358208955224,35.967014925373135
330,GCTTTATTT,Indica II,105.26358208955224,35.967014925373135
331,GCTTTATTT,Indica II,105.26358208955224,35.967014925373135
332,GCTTTATTT,Indica II,105.26358208955224,35.967014925373135
333,GCTTTATTT,Indica II,105.26358208955224,35.967014925373135
334,GCTTTATTT,Indica II,105.26358208955224,35.967014925373135
335,GCTTTATTT,Indica II,105.26358208955224,35.967014925373135
336,GCTTTATTT,Indica II,105.26358208955224,35.967014925373135
337,GCTTTATTT,Indica II,105.26358208955224,35.967014925373135
338,GCTTTATTT,Indica II,105.26358208955224,35.967014925373135
339,GCCGTTTCT,Intermediate,142.1,31.185
340,GCCGTTTCT,Intermediate,142.1,31.185
341,GCCGTTCCT,VI/Aromatic,158.0,29.41
342,GCCGTTCCC,Aus,162.775,38.5775
343,GCCGTTCCC,Aus,162.775,38.5775
344,GCCGTTCCC,Aus,162.775,38.5775
345,GCCGTTCCC,Aus,162.775,38.5775
346,GCCGTTCCC,Aus,162.775,38.5775
347,GCCGTTCCC,Aus,162.775,38.5775
348,GCCGTTCCC,Aus,162.775,38.5775
349,GCCGTTCCC,Aus,162.775,38.5775
350,GCTGTTCCC,VI/Aromatic,129.6,28.41
351,GCTTTTCCC,Intermediate,138.265,30.689999999999998
352,GCTTTTCCC,Intermediate,138.265,30.689999999999998
353,GCCTTTTCC,Indica I,176.33,16.82
354,GCCTTTCCC,VI/Aromatic,166.34571428571428,29.335714285714285
355,GCCTTTCCC,VI/Aromatic,166.34571428571428,29.335714285714285
356,GCCTTTCCC,VI/Aromatic,166.34571428571428,29.335714285714285
357,GCCTTTCCC,VI/Aromatic,166.34571428571428,29.335714285714285
358,GCCTTTCCC,VI/Aromatic,166.34571428571428,29.335714285714285
359,GCCTTTCCC,VI/Aromatic,166.34571428571428,29.335714285714285
360,GCCTTTCCC,VI/Aromatic,166.34571428571428,29.335714285714285
361,GCTGTTTTC,Indica I,142.91166666666666,26.488333333333333
362,GCTGTTTTC,Indica I,142.91166666666666,26.488333333333333
363,GCTGTTTTC,Indica I,142.91166666666666,26.488333333333333
364,GCTGTTTTC,Indica I,142.91166666666666,26.488333333333333
365,GCTGTTTTC,Indica I,142.91166666666666,26.488333333333333
366,GCTGTTTTC,Indica I,142.91166666666666,26.488333333333333
367,GCCGTTTTC,Indica I,153.9425,35.4475
368,GCCGTTTTC,Indica I,153.9425,35.4475
369,GCCGTTTTC,Indica I,153.9425,35.4475
370,GCCGTTTTC,Indica I,153.9425,35.4475
371,GTCGTTCTC,Aus,164.2,29.82
372,GCCGTTCTC,Aus,154.8842105263158,37.374736842105264
373,GCCGTTCTC,Aus,154.8842105263158,37.374736842105264
374,GCCGTTCTC,Aus,154.8842105263158,37.374736842105264
375,GCCGTTCTC,Aus,154.8842105263158,37.374736842105264
376,GCCGTTCTC,Aus,154.8842105263158,37.374736842105264
377,GCCGTTCTC,Aus,154.8842105263158,37.374736842105264
378,GCCGTTCTC,Aus,154.8842105263158,37.374736842105264
379,GCCGTTCTC,Aus,154.8842105263158,37.374736842105264
380,GCCGTTCTC,Aus,154.8842105263158,37.374736842105264
381,GCCGTTCTC,Aus,154.8842105263158,37.374736842105264
382,GCCGTTCTC,Aus,154.8842105263158,37.374736842105264
383,GCCGTTCTC,Aus,154.8842105263158,37.374736842105264
384,GCCGTTCTC,Aus,154.8842105263158,37.374736842105264
385,GCCGTTCTC,Aus,154.8842105263158,37.374736842105264
386,GCCGTTCTC,Aus,154.8842105263158,37.374736842105264
387,GCCGTTCTC,Aus,154.8842105263158,37.374736842105264
388,GCCGTTCTC,Aus,154.8842105263158,37.374736842105264
389,GCCGTTCTC,Aus,154.8842105263158,37.374736842105264
390,GCCGTTCTC,Aus,154.8842105263158,37.374736842105264
391,GCCTTTCTT,Aus,157.60000000000002,34.195
392,GCCTTTCTT,Aus,157.60000000000002,34.195
393,GCTTTTCTT,Indica III,176.265,30.61
394,GCTTTTCTT,Indica III,176.265,30.61
395,GCCTTTCTC,Aus,154.4946153846154,38.43769230769231
396,GCCTTTCTC,Aus,154.4946153846154,38.43769230769231
397,GCCTTTCTC,Aus,154.4946153846154,38.43769230769231
398,GCCTTTCTC,Aus,154.4946153846154,38.43769230769231
399,GCCTTTCTC,Aus,154.4946153846154,38.43769230769231
400,GCCTTTCTC,Aus,154.4946153846154,38.43769230769231
401,GCCTTTCTC,Aus,154.4946153846154,38.43769230769231
402,GCCTTTCTC,Aus,154.4946153846154,38.43769230769231
403,GCCTTTCTC,Aus,154.4946153846154,38.43769230769231
404,GCCTTTCTC,Aus,154.4946153846154,38.43769230769231
405,GCCTTTCTC,Aus,154.4946153846154,38.43769230769231
406,GCCTTTCTC,Aus,154.4946153846154,38.43769230769231
407,GCCTTTCTC,Aus,154.4946153846154,38.43769230769231
408,GCCGTATTC,Indica I,148.68200000000002,17.168
409,GCCGTATTC,Indica I,148.68200000000002,17.168
410,GCCGTATTC,Indica I,148.68200000000002,17.168
411,GCCGTATTC,Indica I,148.68200000000002,17.168
412,GCCGTATTC,Indica I,148.68200000000002,17.168
413,GCCTTATTC,Indica I,165.01857142857142,32.745714285714286
414,GCCTTATTC,Indica I,165.01857142857142,32.745714285714286
415,GCCTTATTC,Indica I,165.01857142857142,32.745714285714286
416,GCCTTATTC,Indica I,165.01857142857142,32.745714285714286
417,GCCTTATTC,Indica I,165.01857142857142,32.745714285714286
418,GCCTTATTC,Indica I,165.01857142857142,32.745714285714286
419,GCCTTATTC,Indica I,165.01857142857142,32.745714285714286
420,GTCTTTTTC,Indica I,148.4,56.42
421,GCCTTTTTC,Indica I,167.38105263157894,26.757368421052632
422,GCCTTTTTC,Indica I,167.38105263157894,26.757368421052632
423,GCCTTTTTC,Indica I,167.38105263157894,26.757368421052632
424,GCCTTTTTC,Indica I,167.38105263157894,26.757368421052632
425,GCCTTTTTC,Indica I,167.38105263157894,26.757368421052632
426,GCCTTTTTC,Indica I,167.38105263157894,26.757368421052632
427,GCCTTTTTC,Indica I,167.38105263157894,26.757368421052632
428,GCCTTTTTC,Indica I,167.38105263157894,26.757368421052632
429,GCCTTTTTC,Indica I,167.38105263157894,26.757368421052632
430,GCCTTTTTC,Indica I,167.38105263157894,26.757368421052632
431,GCCTTTTTC,Indica I,167.38105263157894,26.757368421052632
432,GCCTTTTTC,Indica I,167.38105263157894,26.757368421052632
433,GCCTTTTTC,Indica I,167.38105263157894,26.757368421052632
434,GCCTTTTTC,Indica I,167.38105263157894,26.757368421052632
435,GCCTTTTTC,Indica I,167.38105263157894,26.757368421052632
436,GCCTTTTTC,Indica I,167.38105263157894,26.757368421052632
437,GCCTTTTTC,Indica I,167.38105263157894,26.757368421052632
438,GCCTTTTTC,Indica I,167.38105263157894,26.757368421052632
439,GCCTTTTTC,Indica I,167.38105263157894,26.757368421052632
440,GCCTTATTT,Indica I,157.02285714285713,32.29142857142857
441,GCCTTATTT,Indica I,157.02285714285713,32.29142857142857
442,GCCTTATTT,Indica I,157.02285714285713,32.29142857142857
443,GCCTTATTT,Indica I,157.02285714285713,32.29142857142857
444,GCCTTATTT,Indica I,157.02285714285713,32.29142857142857
445,GCCTTATTT,Indica I,157.02285714285713,32.29142857142857
446,GCCTTATTT,Indica I,157.02285714285713,32.29142857142857
447,GCCTTTTTT,Indica I,171.35454545454544,24.034545454545455
448,GCCTTTTTT,Indica I,171.35454545454544,24.034545454545455
449,GCCTTTTTT,Indica I,171.35454545454544,24.034545454545455
450,GCCTTTTTT,Indica I,171.35454545454544,24.034545454545455
451,GCCTTTTTT,Indica I,171.35454545454544,24.034545454545455
452,GCCTTTTTT,Indica I,171.35454545454544,24.034545454545455
453,GCCTTTTTT,Indica I,171.35454545454544,24.034545454545455
454,GCCTTTTTT,Indica I,171.35454545454544,24.034545454545455
455,GCCTTTTTT,Indica I,171.35454545454544,24.034545454545455
456,GCCTTTTTT,Indica I,171.35454545454544,24.034545454545455
457,GCCTTTTTT,Indica I,171.35454545454544,24.034545454545455
458,GCCGTTTTT,Indica III,131.32,38.676
459,GCCGTTTTT,Indica III,131.32,38.676
460,GCCGTTTTT,Indica III,131.32,38.676
461,GCCGTTTTT,Indica III,131.32,38.676
462,GCCGTTTTT,Indica III,131.32,38.676
463,GCCGTATTT,Indica Intermediate,117.345,37.47
464,GCCGTATTT,Indica Intermediate,117.345,37.47
465,GCCGTATTT,Indica Intermediate,117.345,37.47
466,GCCGTATTT,Indica Intermediate,117.345,37.47
467,GCCGTATTT,Indica Intermediate,117.345,37.47
468,GCCGTATTT,Indica Intermediate,117.345,37.47
469,GCCTTACCT,Japonica Intermediate,180.8,26.195
470,GCCTTACCT,Japonica Intermediate,180.8,26.195
471,GCCTTACTC,Indica Intermediate,164.82999999999998,32.9875
472,GCCTTACTC,Indica Intermediate,164.82999999999998,32.9875
473,GCCTTACTC,Indica Intermediate,164.82999999999998,32.9875
474,GCCTTACTC,Indica Intermediate,164.82999999999998,32.9875
475,GCCTTACTC,Indica Intermediate,164.82999999999998,32.9875
476,GCCTTACTC,Indica Intermediate,164.82999999999998,32.9875
477,GCCTTACTC,Indica Intermediate,164.82999999999998,32.9875
478,GCCTTACTC,Indica Intermediate,164.82999999999998,32.9875
479,GCCGTACCC,VI/Aromatic,145.1,24.235
480,GCCGTACCC,VI/Aromatic,145.1,24.235
481,GCCGTACTC,Aus,156.9,37.550000000000004
482,GCCGTACTC,Aus,156.9,37.550000000000004
483,GCCGTACTT,Indica Intermediate,172.6,42.82
484,GCTGTACTT,Temperate Japonica,124.59666666666666,26.16125
485,GCTGTACTT,Temperate Japonica,124.59666666666666,26.16125
486,GCTGTACTT,Temperate Japonica,124.59666666666666,26.16125
487,GCTGTACTT,Temperate Japonica,124.59666666666666,26.16125
488,GCTGTACTT,Temperate Japonica,124.59666666666666,26.16125
489,GCTGTACTT,Temperate Japonica,124.59666666666666,26.16125
490,GCTGTACTT,Temperate Japonica,124.59666666666666,26.16125
491,GCTGTACTT,Temperate Japonica,124.59666666666666,26.16125
492,GCTGTACTT,Temperate Japonica,124.59666666666666,26.16125
493,GCTGTACTT,Temperate Japonica,124.59666666666666,26.16125
494,GCTGTACTT,Temperate Japonica,124.59666666666666,26.16125
495,GCTGTACTT,Temperate Japonica,124.59666666666666,26.16125
496,GCTGTACTT,Temperate Japonica,124.59666666666666,26.16125
497,GCTGTACTT,Temperate Japonica,124.59666666666666,26.16125
498,GCTGTACTT,Temperate Japonica,124.59666666666666,26.16125
499,GCTGTACTT,Temperate Japonica,124.59666666666666,26.16125
500,GCTGTACTT,Temperate Japonica,124.59666666666666,26.16125
501,GCTGTACTT,Temperate Japonica,124.59666666666666,26.16125
502,GCTGTACTT,Temperate Japonica,124.59666666666666,26.16125
503,GCTGTACTT,Temperate Japonica,124.59666666666666,26.16125
504,GCTGTACTT,Temperate Japonica,124.59666666666666,26.16125
505,GCTGTACTT,Temperate Japonica,124.59666666666666,26.16125
506,GCTGTACTT,Temperate Japonica,124.59666666666666,26.16125
507,GCTGTACTT,Temperate Japonica,124.59666666666666,26.16125
508,GCTGTACCT,Temperate Japonica,97.72,23.056666666666665
509,GCTGTACCT,Temperate Japonica,97.72,23.056666666666665
510,GCTGTACCT,Temperate Japonica,97.72,23.056666666666665
511,GCTGTACCC,Japonica Intermediate,159.84,20.043333333333333
512,GCTGTACCC,Japonica Intermediate,159.84,20.043333333333333
513,GCTGTACCC,Japonica Intermediate,159.84,20.043333333333333
514,GCTGTACTC,Temperate Japonica,147.22533333333334,24.400666666666666
515,GCTGTACTC,Temperate Japonica,147.22533333333334,24.400666666666666
516,GCTGTACTC,Temperate Japonica,147.22533333333334,24.400666666666666
517,GCTGTACTC,Temperate Japonica,147.22533333333334,24.400666666666666
518,GCTGTACTC,Temperate Japonica,147.22533333333334,24.400666666666666
519,GCTGTACTC,Temperate Japonica,147.22533333333334,24.400666666666666
520,GCTGTACTC,Temperate Japonica,147.22533333333334,24.400666666666666
521,GCTGTACTC,Temperate Japonica,147.22533333333334,24.400666666666666
522,GCTGTACTC,Temperate Japonica,147.22533333333334,24.400666666666666
523,GCTGTACTC,Temperate Japonica,147.22533333333334,24.400666666666666
524,GCTGTACTC,Temperate Japonica,147.22533333333334,24.400666666666666
525,GCTGTACTC,Temperate Japonica,147.22533333333334,24.400666666666666
526,GCTGTACTC,Temperate Japonica,147.22533333333334,24.400666666666666
527,GCTGTACTC,Temperate Japonica,147.22533333333334,24.400666666666666
528,GCTGTACTC,Temperate Japonica,147.22533333333334,24.400666666666666
